case_id,patient_tld_gain,component_id,score,added_reference_voxels,airway_core_voxels,core_fraction,length_proxy_mm,elongation,mean_reference_radius_mm,centre_i,centre_j,centre_k
081,0.03050397877984079,263,3453.2052412072617,610,266,0.4360655737704918,15.539483171093833,1.6358772335755871,1.2538518815282444,251.3655737704918,257.2918032786885,662.0245901639344
087,0.04262052959172902,446,3440.6287018294006,514,478,0.9299610894941635,12.029630048302009,1.1776458923919049,3.4422774443063386,252.12062256809338,257.15758754863816,752.0700389105058
034,0.020825721592985014,609,1861.696518728172,260,154,0.5923076923076923,20.221673363699228,1.7245994737666583,1.916301874815129,258.3,252.6,744.6038461538461
116,0.02416263956007325,274,1142.4555397182532,166,139,0.8373493975903614,14.030687022122281,1.8081784570728676,3.344992520029113,254.1024096385542,285.7590361445783,540.2831325301205
087,0.04262052959172902,448,1012.9527713069813,146,140,0.958904109589041,12.544296993722106,1.634219731332271,3.4367971977464893,252.32191780821918,259.0342465753425,733.3835616438356
034,0.020825721592985014,293,692.744289565013,237,23,0.0970464135021097,7.099033294747552,1.0934900578072357,1.0006548257998944,200.18987341772151,318.9029535864979,425.957805907173
046,0.028377942599161488,6,477.94725275531795,124,0,0.0,14.856502108243742,6.011437273880072,0.7482800507919188,172.08870967741936,260.1532258064516,357.8709677419355
116,0.02416263956007325,137,456.4344503879084,116,0,0.0,15.482491639485136,7.182295477655985,0.7085667703200029,198.2844827586207,219.5948275862069,227.22413793103448
087,0.04262052959172902,663,414.69738999764576,121,15,0.12396694214876033,9.297898208848371,2.079801560022839,0.9381970430614472,335.6776859504132,302.93388429752065,348.8595041322314
034,0.020825721592985014,888,396.11727090757904,116,0,0.0,11.66088676510615,3.4831437568142576,0.8318876119912246,323.4913793103448,306.3534482758621,339.01724137931035
046,0.028377942599161488,456,305.42603205938894,75,0,0.0,16.58401085502984,7.9634696375962095,0.8064447814060786,323.06666666666666,254.44,480.4533333333334
087,0.04262052959172902,210,296.6446083211037,83,0,0.0,12.773700630858041,7.123274182766216,0.7155151433721981,174.1686746987952,354.10843373493975,274.33734939759034
034,0.020825721592985014,13,272.1860094803896,85,0,0.0,10.254010208561763,4.191179690169267,0.6972496950192925,137.0235294117647,250.47058823529412,297.74117647058824
147,0.030355731225296445,174,268.673243072094,78,0,0.0,11.864778360104618,5.168951036907924,0.7122810195559918,203.2051282051282,216.6153846153846,330.8205128205128
125,0.023978545511910365,154,266.0956071207508,69,0,0.0,14.872268878168658,6.608186968936531,0.686037821157238,196.84057971014494,209.5072463768116,328.8695652173913
152,0.02541054451166813,700,254.8621871542871,64,0,0.0,15.85808946315109,8.344083235335953,0.60009765625,320.71875,369.046875,164.890625
147,0.030355731225296445,482,243.4711639069041,74,0,0.0,10.825092705292654,3.6416750383443377,0.7965754558985038,347.52702702702703,294.02702702702703,339.0675675675676
125,0.023978545511910365,213,242.83251238489916,72,0,0.0,11.374928447369253,5.867979767990429,0.7889954320974216,205.79166666666669,342.84722222222223,226.33333333333334
081,0.03050397877984079,444,237.68501240053274,62,0,0.0,14.69671309048944,5.24733080128301,0.6164993938678452,393.8225806451613,232.0483870967742,263.741935483871
116,0.02416263956007325,434,234.0748737834621,67,0,0.0,12.20562408927238,5.297946658607387,0.6584349164156645,325.5223880597015,332.7164179104478,203.16417910447763
087,0.04262052959172902,64,198.45435099301358,59,0,0.0,11.31402741397823,5.496593531471619,0.5886696084727533,149.49152542372883,247.32203389830508,443.7118644067797
046,0.028377942599161488,442,185.4579229568706,69,1,0.014492753623188406,7.019314528056438,1.8826194927107467,0.8778819848581383,319.04347826086956,276.6086956521739,466.6086956521739
081,0.03050397877984079,319,183.55933912844873,58,0,0.0,10.016061528321297,1.2836846171151002,0.5659527051705594,329.8965517241379,348.58620689655174,357.5344827586207
151,0.03314012096774199,899,180.94912423231673,52,0,0.0,12.10894436406893,6.94363463658451,0.5997351828234588,340.0192307692308,357.13461538461536,259.2307692307692
116,0.02416263956007325,557,177.9080229795823,57,0,0.0,9.741848150355061,5.220480290877061,0.6360431501691031,391.5438596491228,330.96491228070175,170.0
034,0.020825721592985014,764,177.65931272350232,51,0,0.0,12.134883274658666,2.6401702470288746,0.7760258811118507,295.52941176470586,282.2352941176471,636.2352941176471
152,0.02541054451166813,269,177.18199673369796,54,0,0.0,10.76593277316192,5.391767591351488,0.6475600333838508,206.61111111111111,354.72222222222223,124.61111111111111
046,0.028377942599161488,59,175.2662584403136,65,0,0.0,7.270594401814626,2.599962086702628,0.8332072530309095,190.01538461538462,294.8461538461538,272.9384615384615
126,0.022104466313398907,100,173.49295813266534,48,0,0.0,13.064152136120994,6.9303614821947095,0.5563098104450828,171.64583333333331,247.4375,353.2708333333333
087,0.04262052959172902,349,172.22548279471994,50,0,0.0,11.86464676954975,6.498102649565709,0.7777732842224384,199.68,279.32,337.56
116,0.02416263956007325,437,168.43534798768988,61,0,0.0,7.624419901030417,3.236689511816455,0.6933962142503541,326.7704918032787,338.27868852459017,195.68852459016392
152,0.02541054451166813,287,164.9491696299599,49,0,0.0,11.332040217248347,6.753068283097151,0.733716502152161,208.0816326530612,267.7959183673469,242.3673469387755
087,0.04262052959172902,77,162.45535065415572,53,0,0.0,9.395422198705838,1.1636896731515143,0.5989218803745174,154.60377358490567,337.2830188679245,367.11320754716985
152,0.02541054451166813,507,160.55592730856293,35,22,0.6285714285714286,7.934196920256246,1.5822943335512611,2.031092156947533,243.0857142857143,303.37142857142857,540.9142857142857
151,0.03314012096774199,841,160.26205029759768,47,0,0.0,11.626946476047861,5.9454688482505444,0.7504770447969339,326.1489361702128,353.10638297872345,210.85106382978722
087,0.04262052959172902,150,159.4148026115973,54,0,0.0,8.715047768070827,3.6411030799185653,0.706044521109916,168.66666666666669,304.16666666666663,611.5555555555555
147,0.030355731225296445,514,150.10067157910692,49,0,0.0,9.383678304247777,4.085225441686146,0.781383140223905,365.1020408163265,282.1428571428571,333.44897959183675
087,0.04262052959172902,894,141.25123061416264,46,0,0.0,9.429069069005367,5.013385221485569,0.7097883779441716,396.17391304347825,266.9347826086956,272.0869565217391
087,0.04262052959172902,673,137.5444371485247,46,0,0.0,8.940676838612694,4.423036146579528,0.7448120165208039,334.45652173913044,319.02173913043475,620.7826086956522
087,0.04262052959172902,778,137.11367979847606,44,0,0.0,9.710827059854864,5.966825862194381,0.5933297022702829,354.5681818181818,356.6590909090909,342.6590909090909
046,0.028377942599161488,561,134.91387755121843,45,0,0.0,8.988520669582797,5.243382459566193,0.9214238318443551,342.2444444444444,255.42222222222222,362.35555555555555
147,0.030355731225296445,405,133.4834673336619,40,0,0.0,11.136147532135492,7.681663897583194,0.7112213189989245,326.65,367.9,227.5
151,0.03314012096774199,205,127.59422434718849,47,0,0.0,7.369980120760827,3.7439555131519127,0.811891535420073,184.48936170212767,188.4468085106383,294.3404255319149
034,0.020825721592985014,964,126.65458053208623,37,0,0.0,11.717591504571743,6.598797244307237,0.8626446948938132,340.5945945945946,303.72972972972974,320.1081081081081
116,0.02416263956007325,499,126.06275214198556,46,0,0.0,7.51031071720779,4.246886022330809,0.7341798537642198,350.2826086956522,284.97826086956525,271.47826086956525
125,0.023978545511910365,17,120.51560134951546,36,0,0.0,11.20679796962603,5.867895411053039,0.5859375,152.97222222222223,347.33333333333337,234.13888888888889
046,0.028377942599161488,352,119.92215761562919,38,0,0.0,9.959365572844742,5.501431398146573,0.8018837017984228,305.42105263157896,307.0526315789474,389.7105263157895
126,0.022104466313398907,190,119.28655709386832,44,0,0.0,7.349836107080943,2.641334658746725,0.6437979228512701,182.97727272727275,323.8636363636364,290.0
087,0.04262052959172902,6,117.84966627195048,40,0,0.0,8.680339900256314,4.950343529254922,0.6020950344994622,119.2,299.925,289.55
126,0.022104466313398907,1112,117.52429758765571,39,0,0.0,9.080841895773741,4.458941194084212,0.5975430590443063,346.7692307692308,219.69230769230768,369.1538461538462
125,0.023978545511910365,205,114.01265952638236,42,0,0.0,7.368983294942622,3.940933079588104,0.7276785714285714,202.52380952380952,312.1428571428571,542.4047619047619
126,0.022104466313398907,890,113.57761518650888,37,0,0.0,9.422844902450471,4.599135607606975,0.5952280405405406,315.8918918918919,266.05405405405406,612.4054054054054
151,0.03314012096774199,37,113.41741647368306,38,0,0.0,8.908248171443818,4.562689858036968,0.5337171052631579,147.81578947368422,258.6842105263158,382.10526315789474
151,0.03314012096774199,725,112.3448001227514,39,0,0.0,8.298063191729756,3.5666515922915294,0.6350095102913839,313.2307692307692,299.94871794871796,606.948717948718
034,0.020825721592985014,747,110.90955528106711,34,0,0.0,10.640942433083117,1.7118724312930544,0.5661764705882353,289.5882352941177,322.02941176470586,484.4117647058824
087,0.04262052959172902,700,108.76101075046307,38,0,0.0,8.191798794641512,3.9244192750015032,0.6370737205257497,343.10526315789474,310.3157894736842,588.1842105263158
151,0.03314012096774199,82,108.36839722562024,35,0,0.0,9.586701646734545,6.126351598761004,0.7070992973766809,164.0857142857143,349.54285714285714,188.0
126,0.022104466313398907,157,103.10557083106546,40,0,0.0,6.644224210249912,2.606983878695171,0.6716733350340993,179.325,321.4,267.6
151,0.03314012096774199,864,102.7365033915154,43,0,0.0,5.708377030348758,2.6069680345976582,0.7234738372093024,329.7906976744186,276.27906976744185,278.1162790697674
151,0.03314012096774199,102,99.51831869370372,34,0,0.0,8.567383871644966,2.5232584691454663,0.5471047794117647,168.47058823529412,187.7058823529412,304.0
151,0.03314012096774199,998,96.05968506652096,44,0,0.0,4.766251598697929,1.6645382433085256,0.6397083410640877,371.77272727272725,278.6363636363636,393.1818181818182
087,0.04262052959172902,689,95.9638879998955,31,0,0.0,9.582796878310601,7.1966492094934855,0.5591548832251125,338.1290322580645,362.5483870967742,336.3225806451613
081,0.03050397877984079,464,94.29292430837334,26,0,0.0,13.152597003882578,8.34469734375841,0.5216346153846154,426.9230769230769,220.15384615384616,271.1923076923077
087,0.04262052959172902,740,93.96041301336393,33,0,0.0,8.107033254032993,4.52922933653917,0.7008001254525899,344.6363636363636,359.78787878787875,266.72727272727275
087,0.04262052959172902,687,93.61211991264322,32,0,0.0,8.557840814979585,4.505218952477731,0.6845703125,338.46875,327.9375,265.15625
125,0.023978545511910365,444,92.08572566715029,32,0,0.0,8.281036007466465,2.9138731403592595,0.7871454914244522,341.9375,323.09375,276.25
081,0.03050397877984079,136,91.68338520219758,35,0,0.0,6.861912752762892,3.0196850358861584,0.66875,183.57142857142856,303.7142857142857,558.6571428571428
147,0.030355731225296445,522,90.94002200411754,35,0,0.0,6.75109192008929,3.98092687623381,0.7616472611410133,372.42857142857144,254.8,316.11428571428576
087,0.04262052959172902,512,90.4843436401531,32,0,0.0,7.995523871083314,5.081555187341833,0.5794563362486556,308.53125,356.65625,462.90625
081,0.03050397877984079,229,89.82762368709686,33,0,0.0,7.409551861589242,3.7864210793317725,0.7686379206054088,210.6969696969697,263.78787878787875,280.5151515151515
116,0.02416263956007325,505,87.79432714163119,30,0,0.0,8.564270975835289,5.423300805354809,0.6080976919979938,356.6333333333333,284.8666666666667,301.83333333333337
046,0.028377942599161488,469,85.80230564484947,26,0,0.0,10.890585286941075,8.509771179959944,0.5669974385139989,323.5,229.9230769230769,513.8846153846154
081,0.03050397877984079,30,85.64781444808371,28,0,0.0,9.356566479251756,6.998887152679645,0.6265716749961588,153.17857142857144,214.10714285714286,386.92857142857144
034,0.020825721592985014,36,82.94353987366785,29,0,0.0,8.180298224464599,4.812761958995443,0.5729328062061548,152.9655172413793,369.2413793103448,389.6896551724138
125,0.023978545511910365,9,82.62446845192515,35,0,0.0,5.572900234255655,2.6443424218126608,0.6250401182838705,144.0857142857143,235.0857142857143,315.62857142857143
151,0.03314012096774199,992,82.60719599131662,34,0,0.0,5.90306992175415,2.604327450077105,0.6024666706684689,369.5882352941176,233.8529411764706,326.55882352941177
151,0.03314012096774199,1015,82.37071116076162,30,0,0.0,7.538815619032908,4.846999391134154,0.6388020833333333,376.6666666666667,341.66666666666663,207.4
151,0.03314012096774199,1038,81.99469276932857,31,0,0.0,6.995972572670741,3.831563498202452,0.5665240613343216,389.83870967741933,310.0322580645161,303.0
087,0.04262052959172902,353,81.1412605928218,26,0,0.0,9.739503210935231,6.759021571897489,0.5540865384615384,199.26923076923077,343.38461538461536,329.7307692307692
151,0.03314012096774199,336,81.13780391179912,27,0,0.0,9.030649140781298,4.853336125431714,0.5593171296296297,198.2962962962963,343.22222222222223,444.81481481481484
081,0.03050397877984079,406,78.95726614474597,31,0,0.0,6.4872527336651915,2.799180294151977,0.5685936819334022,366.2903225806452,173.5483870967742,398.0967741935484
125,0.023978545511910365,476,78.51764523087641,33,0,0.0,5.66117595280236,2.4238985936848025,0.696710773330726,361.5454545454545,267.27272727272725,368.3030303030303
087,0.04262052959172902,473,78.4220939865104,30,0,0.0,6.83336091692119,4.573558032710925,0.725,296.3666666666667,332.33333333333337,236.63333333333333
147,0.030355731225296445,419,77.6592764743506,28,0,0.0,7.692555130764828,4.506956446983685,0.6462555049976952,330.57142857142856,273.3928571428571,525.0
081,0.03050397877984079,39,76.99655744622694,24,0,0.0,10.29248239335091,7.006365005868121,0.5,157.66666666666669,328.79166666666663,384.66666666666663
152,0.02541054451166813,293,76.66260988720393,28,0,0.0,7.496372136119412,4.757224914240188,0.5915178571428571,210.0,238.75,212.10714285714286
116,0.02416263956007325,490,76.50024102545012,27,0,0.0,8.027828363445764,6.323319467970258,0.5814077364792524,338.5925925925926,368.14814814814815,227.48148148148147
087,0.04262052959172902,821,75.73231100962295,22,0,0.0,11.849964733178217,5.3714259177451185,0.5255681818181818,371.3181818181818,284.54545454545456,353.6818181818182
125,0.023978545511910365,460,74.09906653621728,28,0,0.0,7.0034077315545336,4.016238672702388,0.5506286699984635,350.57142857142856,228.17857142857144,425.3571428571429
126,0.022104466313398907,1100,74.05329603726838,29,0,0.0,6.520678542191807,3.3218111920593145,0.6104525862068966,341.0689655172414,329.44827586206895,275.55172413793105
152,0.02541054451166813,63,73.87100479307162,24,0,0.0,9.47382873114238,3.8608829110678666,0.5,176.5,353.58333333333337,269.04166666666663
151,0.03314012096774199,87,73.48575209602842,22,0,0.0,11.15734661388212,4.44094476855186,0.5,164.6818181818182,351.0,321.6363636363636
034,0.020825721592985014,135,73.29083756823093,30,0,0.0,5.968385412725342,2.7331285387271733,0.6642517126659496,178.2,258.26666666666665,545.5666666666666
147,0.030355731225296445,330,72.76106155487788,28,0,0.0,6.752770508409092,3.1262400408018394,0.5703125,305.6071428571429,382.1428571428571,344.4642857142857
087,0.04262052959172902,813,70.96670024905517,31,0,0.0,5.240658214608997,3.0669177383837254,0.5816532258064516,364.38709677419354,309.48387096774195,496.741935483871
126,0.022104466313398907,25,70.89884277534193,27,0,0.0,6.895261875010501,3.3955928120834717,0.5,152.48148148148147,309.4074074074074,418.5185185185185
116,0.02416263956007325,359,68.64524839747428,24,0,0.0,8.180850915887056,5.755733569143352,0.5,309.0,345.75,450.1666666666667
087,0.04262052959172902,527,67.66697844567666,27,0,0.0,6.280960181025609,3.823848941967182,0.8591312535390055,312.0740740740741,355.1111111111111,227.0
147,0.030355731225296445,316,67.5323813088648,33,0,0.0,4.187899472218468,1.9391744813997667,0.8394917347858746,294.8787878787879,349.33333333333337,207.87878787878788
087,0.04262052959172902,747,67.04337895683796,31,0,0.0,4.67722649526554,2.3368150140870614,0.668025850967048,347.6774193548387,258.258064516129,397.3225806451613
087,0.04262052959172902,201,66.23792441782436,29,0,0.0,5.2169591333905005,2.235768220864692,0.6412122117219127,172.9310344827586,359.0,339.37931034482756
046,0.028377942599161488,421,65.15610558561026,28,0,0.0,5.41494654985101,2.146717780549183,0.6422900321915704,315.8571428571429,306.8928571428571,412.4642857142857
147,0.030355731225296445,209,63.06573944141011,26,0,0.0,5.883561377650637,3.051411249622759,0.7219731299991726,206.30769230769232,301.0769230769231,536.5769230769231
081,0.03050397877984079,302,62.622632678778544,25,0,0.0,6.274550597793956,3.6869818276494555,0.66875,318.36,312.2,351.03999999999996
151,0.03314012096774199,821,62.219634027631884,22,0,0.0,7.9985183027529905,5.677160021455589,0.6455965909090909,322.1818181818182,361.0454545454545,332.8181818181818
125,0.023978545511910365,481,62.183530732769185,24,0,0.0,6.713179677766059,4.556060838956281,0.5,365.20833333333337,333.5,375.41666666666663
125,0.023978545511910365,18,62.08531108600661,20,0,0.0,9.636464631615539,6.820993498315795,0.5776275689989244,153.6,259.1,276.3
087,0.04262052959172902,762,61.60868881315493,23,0,0.0,7.17510498539917,4.283032912462873,0.5,352.0,347.52173913043475,363.4347826086956
116,0.02416263956007325,40,60.64013016955001,29,0,0.0,4.372443979762152,1.923293065714474,0.6490389511567356,157.9655172413793,216.9310344827586,229.86206896551724
087,0.04262052959172902,744,59.24345925569436,25,0,0.0,5.6156599433297885,3.0038740421230554,0.6750561655974187,347.52,228.2,492.6
152,0.02541054451166813,5,58.89384027291896,24,0,0.0,6.02167434390988,3.8519143114496104,0.5934244791666666,152.70833333333334,293.375,138.5
087,0.04262052959172902,20,58.80135527010214,22,0,0.0,7.1438003752082,5.304109299400485,0.5,129.5909090909091,310.5909090909091,371.0909090909091
147,0.030355731225296445,265,58.77829811014641,21,0,0.0,7.834213897336149,4.333996559585896,0.7480381609513567,217.47619047619048,332.23809523809524,529.8571428571429
152,0.02541054451166813,31,58.776713073832916,22,0,0.0,7.137814049098514,4.591369261847836,0.66015625,163.13636363636363,340.27272727272725,131.77272727272728
151,0.03314012096774199,12,58.608098788433566,28,0,0.0,4.381261790299475,2.1885838045710226,0.6980754537175684,129.28571428571428,282.82142857142856,249.85714285714286
087,0.04262052959172902,119,58.48785488325113,25,0,0.0,5.473326670150789,2.9833070873434355,0.6183520551991396,158.2,342.68,463.72
151,0.03314012096774199,997,58.08874762336512,23,0,0.0,6.378643857185269,4.025236973644109,0.5896628652766944,372.6521739130435,256.2173913043478,253.2173913043478
126,0.022104466313398907,1041,58.04379798513398,28,0,0.0,4.297299087422249,1.4032988458281797,0.6015443500974266,335.17857142857144,245.28571428571428,363.3928571428571
147,0.030355731225296445,7,57.34842405635042,19,0,0.0,9.110364935587233,3.6602231915022703,0.5,143.0,280.36842105263156,358.2105263157895
147,0.030355731225296445,92,56.75254773157258,20,0,0.0,8.052129185061059,5.454000695421751,0.5,184.35,219.95,352.85
034,0.020825721592985014,808,55.95263841997252,25,0,0.0,5.009116393849897,2.3192953118711293,0.789250339421578,312.72,342.08,500.08
126,0.022104466313398907,1096,55.046918243136695,24,0,0.0,5.260700014004472,3.5127426939494892,0.7135416666666666,340.0,302.29166666666663,307.6666666666667
087,0.04262052959172902,488,54.86309621987703,21,0,0.0,6.825304595989763,3.897840581412549,0.6542881609513567,303.6190476190476,355.1904761904762,386.0952380952381
126,0.022104466313398907,1165,54.52890409319268,21,0,0.0,6.7424067610081755,3.094558868537376,0.5152529761904762,374.57142857142856,294.23809523809524,458.3809523809524
046,0.028377942599161488,326,54.45209183364014,25,0,0.0,4.744048488094686,2.7197588557124854,0.8947756638734548,300.08000000000004,305.48,329.04
087,0.04262052959172902,382,54.27400069636542,21,0,0.0,6.679517350542119,3.55286055425649,0.7683977504741418,205.76190476190476,323.8571428571429,493.1904761904762
151,0.03314012096774199,188,53.48505654658424,21,0,0.0,6.4867375822932285,3.263984056812691,0.5762648809523809,182.95238095238096,352.23809523809524,303.1904761904762
087,0.04262052959172902,271,53.04635538890892,23,0,0.0,5.3193115690858725,2.360936270466018,0.6227762069546512,186.6521739130435,344.6521739130435,486.95652173913044
125,0.023978545511910365,512,53.04377235859881,20,0,0.0,7.034104465077128,3.477763745113779,0.6265625,399.15,264.35,285.1
087,0.04262052959172902,844,52.946509729458846,21,0,0.0,6.3567639286432644,4.068800346980691,0.5,371.0,332.66666666666663,372.2857142857143
126,0.022104466313398907,1139,52.93458904162175,24,0,0.0,4.864706105912121,1.9769390487422027,0.7235798752841607,355.79166666666663,220.54166666666669,464.91666666666663
147,0.030355731225296445,104,52.411648715948594,19,0,0.0,7.609365432476442,5.959793977805051,0.7818475136819462,187.1578947368421,308.3157894736842,545.9473684210527
081,0.03050397877984079,17,52.34995702444802,20,0,0.0,6.851295001153885,4.537996502281836,0.6479400689989244,130.1,324.4,217.7
152,0.02541054451166813,436,52.05240810534129,19,0,0.0,7.5054104974099705,2.9199911235488774,0.7191611842105263,226.94736842105263,310.0,325.6842105263158
116,0.02416263956007325,445,51.905472404617925,27,0,0.0,3.6957175110377953,1.4808033578913151,0.6328522712446488,329.5185185185185,307.0740740740741,235.55555555555554
147,0.030355731225296445,162,50.92377754498014,21,0,0.0,5.880342674491209,2.9974210976802844,0.5878644828540699,198.85714285714286,365.3809523809524,471.14285714285717
151,0.03314012096774199,1040,50.66858445480164,20,0,0.0,6.418263626633416,3.9208002421725747,0.628125,388.8,312.75,292.25
151,0.03314012096774199,68,50.4299403237615,21,0,0.0,5.766845535279243,2.5552455543094887,0.5305059523809523,157.71428571428572,286.04761904761904,518.0
046,0.028377942599161488,10,50.33179297112301,24,0,0.0,4.3980718466805335,2.2246109450621026,0.6126090334469977,169.66666666666666,193.70833333333334,347.0
147,0.030355731225296445,134,49.646314038554955,23,0,0.0,4.659275042750131,2.4919036919603292,0.6222826086956522,193.56521739130434,230.47826086956522,323.1304347826087
087,0.04262052959172902,874,49.569636512793636,20,0,0.0,6.1428721600262115,3.3936203604136814,0.5,377.1,311.25,347.65
087,0.04262052959172902,474,49.33141502242025,21,0,0.0,5.518341288240977,2.7771284228123423,0.6473214285714286,297.1428571428571,334.3809523809524,379.57142857142856
147,0.030355731225296445,521,49.14358579079496,22,0,0.0,4.9898595544983975,2.4830506609142136,0.640625,372.77272727272725,329.5,210.63636363636363
081,0.03050397877984079,425,49.117223558825195,18,0,0.0,7.445992747307448,5.891066083373458,0.734375,372.77777777777777,339.3888888888889,241.94444444444446
087,0.04262052959172902,476,48.93072294858352,20,0,0.0,5.985539120677594,3.744924118252819,0.7604400689989245,298.1,326.35,380.25
147,0.030355731225296445,397,48.768255558706315,18,0,0.0,7.340564043948425,5.184025249876855,0.5631307088864987,326.16666666666663,377.27777777777777,348.55555555555554
147,0.030355731225296445,324,48.73248130478575,19,0,0.0,6.578544969865077,5.003738725896158,0.7682399094668915,302.10526315789474,366.9473684210526,219.1578947368421
087,0.04262052959172902,74,48.67924857091805,21,0,0.0,5.373399640429087,3.194501008651789,0.5401785714285714,149.14285714285714,338.66666666666663,414.8571428571429
087,0.04262052959172902,432,48.6536681947284,18,0,0.0,7.306109348156561,3.5297494333192008,0.78125,232.33333333333334,298.0,528.2222222222222
151,0.03314012096774199,1039,48.64639993725268,20,0,0.0,5.916180567137844,3.9440831718023834,0.5,390.75,286.5,304.5
081,0.03050397877984079,12,48.219959039534345,22,0,0.0,4.804058780525558,2.5532552392641175,0.6667092163616808,124.5,323.4545454545455,270.9090909090909
126,0.022104466313398907,1118,48.02025105242679,17,0,0.0,7.979046751342892,2.59468723952171,0.6213085824331749,349.3529411764706,228.29411764705884,467.94117647058823
151,0.03314012096774199,22,47.54042342861541,20,0,0.0,5.650229649430112,3.0350299403018957,0.676171875,137.2,218.35,313.9
147,0.030355731225296445,503,47.37618747920733,18,0,0.0,6.9274788273611145,5.11852913774368,0.6018778544432494,357.05555555555554,254.16666666666666,372.22222222222223
116,0.02416263956007325,295,47.1878059315232,23,0,0.0,4.20924202009659,1.2274591086619755,0.708984375,254.8695652173913,284.0,488.4782608695652
087,0.04262052959172902,76,47.02931628697092,23,0,0.0,4.18101434861994,2.2337490604479675,0.5978260869565217,151.08695652173913,261.52173913043475,442.9130434782609
087,0.04262052959172902,217,46.92266262765635,24,0,0.0,3.822458798730657,1.3540888901485013,0.59375,174.70833333333331,347.58333333333337,288.125
087,0.04262052959172902,251,46.62775906639801,22,0,0.0,4.492041147838971,2.291876614951018,0.6222229154516122,182.13636363636363,332.5909090909091,593.0454545454545
126,0.022104466313398907,1141,45.429844683765936,20,0,0.0,5.159676969977738,2.9532988150114527,0.7522802253409929,358.35,205.1,532.1
116,0.02416263956007325,538,45.312328065275786,24,0,0.0,3.5645956157902425,1.4190377166594175,0.7029892514495559,370.7083333333333,259.5416666666667,243.70833333333331
116,0.02416263956007325,403,45.25804002733825,22,0,0.0,4.232004518835023,2.4528047183088817,0.7478062739627702,318.1818181818182,353.8636363636364,168.04545454545456
125,0.023978545511910365,432,45.13164645210072,23,0,0.0,3.8504073940971932,1.7004520860037657,0.7142413643468908,330.2173913043478,307.17391304347825,537.0
034,0.020825721592985014,536,44.991149512452715,20,0,0.0,5.060508836129685,1.4794853725381982,0.78125,236.0,274.45,627.4
087,0.04262052959172902,678,44.753049932234056,15,0,0.0,8.90149101438682,6.905708312701648,0.51875,334.93333333333334,365.6,339.93333333333334
046,0.028377942599161488,162,43.8149824653695,21,0,0.0,4.353180699411874,1.8316786146191835,0.7097730288312326,200.14285714285714,284.76190476190476,466.76190476190476
147,0.030355731225296445,504,43.40598179261148,23,0,0.0,3.5615864941030604,1.6722146078295372,0.721095892170172,357.3478260869565,281.4347826086956,321.52173913043475
081,0.03050397877984079,35,43.367765202094496,19,0,0.0,5.20986996848753,3.3889114315876947,0.723234501048103,155.57894736842104,231.8421052631579,494.89473684210526
116,0.02416263956007325,406,43.26344909192373,18,0,0.0,5.776932183115669,3.9514473116207243,0.6973741319444444,319.83333333333337,284.77777777777777,436.05555555555554
151,0.03314012096774199,13,43.201794684019,17,0,0.0,6.458114408028139,3.0045852578443504,0.5188419117647058,129.58823529411765,300.52941176470586,297.94117647058823
081,0.03050397877984079,459,43.16664320464846,17,0,0.0,6.44760929258624,3.8492575978751873,0.5330882352941176,408.1764705882353,276.2352941176471,247.05882352941177
046,0.028377942599161488,41,43.157731793349754,20,0,0.0,4.656474533866781,1.9006097119384227,0.612109375,184.25,236.85,480.2
034,0.020825721592985014,79,42.19992581646308,17,0,0.0,6.16205445991345,4.096375645889072,0.6164766329386457,163.35294117647058,348.3529411764706,583.3529411764706
151,0.03314012096774199,5,40.88106428296888,16,0,0.0,6.528364909797787,5.404002533009334,0.52001953125,125.0,318.3125,254.25
147,0.030355731225296445,469,40.19566600910471,15,0,0.0,7.180851404068872,4.438643156658833,0.745263701327597,342.4666666666667,348.93333333333334,208.46666666666667
046,0.028377942599161488,416,39.58774674450579,19,0,0.0,4.3412456850613,2.776016704164172,0.8647181432004075,315.52631578947364,305.36842105263156,329.2631578947368
087,0.04262052959172902,403,39.292777538675004,16,0,0.0,6.030946744936729,4.366921182099645,0.7819595474973111,213.4375,279.0625,342.25
081,0.03050397877984079,18,39.0422451524805,16,0,0.0,5.954284791196824,2.9032366514924397,0.5,136.8125,226.625,372.75
087,0.04262052959172902,275,38.82409848022115,18,0,0.0,4.652193280252809,3.15801351922296,0.765625,186.66666666666669,281.3333333333333,631.0
152,0.02541054451166813,850,38.728865106157905,20,0,0.0,3.7498124810274382,1.9708217245891373,0.6101308401363972,361.1,273.55,287.0
152,0.02541054451166813,149,38.575098463782226,17,0,0.0,5.148921181628006,3.676337472092582,0.5942095588235294,191.23529411764707,246.94117647058823,209.52941176470588
147,0.030355731225296445,353,38.097802340792185,20,0,0.0,3.6286063579951766,1.977424056568728,0.584375,312.85,336.25,550.05
125,0.023978545511910365,8,37.666582535970875,16,0,0.0,5.542075937262133,1.9279821564675,0.5,143.4375,310.75,307.1875
081,0.03050397877984079,42,37.550639623673355,14,0,0.0,7.194135388505038,5.679690562443224,0.5401785714285714,158.42857142857144,316.0,396.07142857142856
087,0.04262052959172902,815,37.412783286637826,15,0,0.0,6.220961570013007,4.416476952358379,0.6320068506637985,364.06666666666666,237.46666666666667,397.06666666666666
147,0.030355731225296445,69,37.357983651870974,17,0,0.0,4.829131289043111,2.448532551291414,0.5330882352941176,168.8235294117647,356.7647058823529,381.88235294117646
081,0.03050397877984079,388,37.34009230729323,13,0,0.0,8.25019226933242,4.795695956778208,0.5,358.0769230769231,210.46153846153845,485.46153846153845
081,0.03050397877984079,458,37.061123467287224,18,0,0.0,4.239280471165148,2.0599019366936764,0.6018778544432494,405.5,299.77777777777777,269.1111111111111
152,0.02541054451166813,787,37.055961871088456,20,0,0.0,3.432860775478904,1.8402536782015075,0.6831904200681986,343.0,301.0,267.25
125,0.023978545511910365,487,36.83400937800867,15,0,0.0,6.0299744304854705,3.8038483447478786,0.51875,368.53333333333336,291.5333333333333,473.06666666666666
151,0.03314012096774199,713,36.577228880668436,17,0,0.0,4.629389870549499,2.5705151703046365,0.5270990236096454,304.2941176470588,319.6470588235294,427.52941176470586
151,0.03314012096774199,181,36.362595328706135,18,0,0.0,4.080982527898894,2.5854129390097538,0.7491319444444444,181.05555555555554,355.33333333333337,185.77777777777777
087,0.04262052959172902,888,36.11102458226979,19,0,0.0,3.6122052531337765,2.0531903623351915,0.7226369873661568,384.2105263157895,243.63157894736844,277.0
125,0.023978545511910365,498,35.91814555131124,14,0,0.0,6.582210101250914,4.261867183481207,0.5305393842841778,376.85714285714283,273.92857142857144,435.1428571428571
087,0.04262052959172902,262,35.6274970216528,16,0,0.0,4.958275562608903,2.443692642584156,0.7650909699946223,185.625,245.125,392.1875
034,0.020825721592985014,75,35.3408160532966,15,0,0.0,5.550992352501987,3.5490750292351407,0.6125,161.46666666666667,377.4666666666667,368.6
087,0.04262052959172902,3,35.203046823022476,14,0,0.0,6.322727069509758,4.244036030646222,0.5200892857142857,114.14285714285714,305.7142857142857,280.07142857142856
147,0.030355731225296445,447,35.069824813138396,16,0,0.0,4.804268017282099,2.896151626262011,0.8113286553462156,334.9375,305.3125,265.875
126,0.022104466313398907,1044,34.91596014991784,20,0,0.0,3.047810682976625,1.5387332527775972,0.6831904200681986,334.1,254.05,604.55
151,0.03314012096774199,1048,34.63070500045825,15,0,0.0,5.330158794794506,2.6562481493537766,0.5213541666666667,402.46666666666664,276.3333333333333,232.13333333333333
034,0.020825721592985014,772,34.62372572263517,15,0,0.0,5.32801059073897,3.6884051619637637,0.63125,299.4,245.2,525.0666666666666
087,0.04262052959172902,202,34.57192180503048,16,0,0.0,4.668819442551335,2.0833641446633897,0.5970344612486556,173.5,358.4375,429.6875
151,0.03314012096774199,190,34.56868502901116,15,0,0.0,5.311084376155469,2.712426107890926,0.5,181.6,357.0,248.66666666666669
152,0.02541054451166813,1,34.48054635994714,14,0,0.0,6.0658575371452255,4.203373906895188,0.5,147.5,318.2857142857143,351.2857142857143
087,0.04262052959172902,863,34.4680840014345,15,0,0.0,5.280216954355309,1.612108917620085,0.5660034253318993,375.3333333333333,252.73333333333335,293.06666666666666
151,0.03314012096774199,432,34.235041604816814,16,0,0.0,4.578273725326322,3.288034415004523,0.68017578125,208.8125,330.4375,203.75
081,0.03050397877984079,33,34.045471291496085,14,0,0.0,5.913745487041244,4.445736985030047,0.6912536699984635,151.92857142857144,340.07142857142856,303.2142857142857
087,0.04262052959172902,511,34.011960285943864,16,0,0.0,4.5188025097368065,3.1074861863361956,0.6413345474973111,308.8125,345.9375,271.625
046,0.028377942599161488,522,33.93350192350117,16,0,0.0,4.497978721844755,2.117324547143114,0.7001953125,332.6875,290.75,384.875
116,0.02416263956007325,24,33.896904422139436,17,0,0.0,3.975778994476318,2.64885470653504,0.6527758614635074,150.0,257.5882352941177,295.47058823529414
116,0.02416263956007325,7,33.87995882244918,12,0,0.0,7.971191734797582,10.51221057693077,0.5918897824924766,138.75,313.1666666666667,263.41666666666663
126,0.022104466313398907,607,33.493471452468626,16,0,0.0,4.382080585692698,2.7168784232504515,0.740234375,223.6875,264.6875,383.4375
087,0.04262052959172902,21,33.22186227761013,14,0,0.0,5.631082312206607,4.195704842501744,0.5,128.14285714285714,326.7857142857143,321.8571428571429
046,0.028377942599161488,339,33.11873811306877,17,0,0.0,3.7953315370312595,2.003296842393113,0.8828697714912858,302.3529411764706,303.94117647058823,338.5882352941177
034,0.020825721592985014,327,33.09687576879299,16,0,0.0,4.278918693964518,2.321000424250668,0.6504783837459667,199.375,267.25,525.875
151,0.03314012096774199,1046,33.07573148186449,15,0,0.0,4.862240058046229,2.650151772928542,0.5213541666666667,395.53333333333336,305.66666666666663,244.26666666666665
126,0.022104466313398907,1178,33.069888025569085,17,0,0.0,3.7841435779366006,1.974626526666979,0.5836247589037631,378.0,216.11764705882354,485.94117647058823
087,0.04262052959172902,799,32.95697300681217,17,0,0.0,3.758346262185972,2.3171312065639054,0.5496323529411765,358.4117647058823,313.3529411764706,532.0588235294117
081,0.03050397877984079,61,32.91467727148521,13,0,0.0,6.410508756722041,5.67413193046539,0.6843308753829607,164.15384615384616,275.8461538461538,558.0769230769231
116,0.02416263956007325,256,32.8523861589359,14,0,0.0,5.506526920080833,1.6740408052652092,0.6791294642857143,245.0,291.6428571428571,508.64285714285717
087,0.04262052959172902,586,32.851583993442134,15,0,0.0,4.796562537236369,3.6687346875554288,0.7910034253318993,322.26666666666665,282.5333333333333,639.1333333333333
151,0.03314012096774199,81,32.81752421543774,16,0,0.0,4.2069917798079794,2.4183707319901058,0.580078125,161.4375,247.1875,500.6875
087,0.04262052959172902,734,32.71421669057909,14,0,0.0,5.460305988153895,4.41459876755948,0.5401785714285714,343.6428571428571,350.6428571428571,297.2142857142857
081,0.03050397877984079,162,32.44257348355468,15,0,0.0,4.67786921882598,3.132212529572847,0.6125,191.13333333333333,228.06666666666666,518.4666666666667
152,0.02541054451166813,29,32.27009108837843,14,0,0.0,5.313054994144085,2.752771824783956,0.5,164.92857142857142,278.14285714285717,281.8571428571429
034,0.020825721592985014,944,32.25370950147383,17,0,0.0,3.5996601266625023,1.4868831528678155,0.6819852941176471,332.52941176470586,375.7058823529412,323.8235294117647
152,0.02541054451166813,756,32.14638158360249,12,0,0.0,7.176318395267898,3.768848820957302,0.5767805668939953,333.16666666666663,295.5,316.83333333333337
126,0.022104466313398907,90,32.024060705839474,14,0,0.0,5.2323493065882225,4.554851276883581,0.5658119144805674,166.5,197.92857142857144,532.2857142857142
116,0.02416263956007325,22,31.50652236072306,16,0,0.0,3.877581840885712,1.7588672653681234,0.5,149.625,330.875,293.6875
087,0.04262052959172902,499,31.49234580609007,14,0,0.0,5.06004002229775,3.2027007422142377,0.5200892857142857,308.2142857142857,327.92857142857144,595.1428571428571
125,0.023978545511910365,227,31.46920408672542,14,0,0.0,5.052606152306,2.950578888719772,0.5,206.78571428571428,359.8571428571429,326.6428571428571
087,0.04262052959172902,180,31.42612858189474,13,0,0.0,5.843796199087464,3.6818165187900536,0.7163461538461539,170.23076923076923,270.3076923076923,500.84615384615387
151,0.03314012096774199,382,31.278872472332694,17,0,0.0,3.3853559278216334,1.918792545962589,0.7072610294117647,200.94117647058823,326.7058823529412,211.23529411764707
116,0.02416263956007325,285,31.27253836584688,12,2,0.16666666666666666,4.9896513053232905,2.9908503343252946,1.0917596427826701,253.25,278.0833333333333,539.9166666666667
034,0.020825721592985014,198,31.149957099681707,16,0,0.0,3.790311825437542,1.852498291619494,0.6497688362486556,187.8125,231.625,265.375
087,0.04262052959172902,659,31.11857400311841,16,0,0.0,3.7826783124513943,2.0927113794535215,0.5970344612486556,332.3125,347.9375,555.3125
152,0.02541054451166813,866,30.888396913004758,14,0,0.0,4.867821754363888,2.687479236437638,0.5915178571428571,366.42857142857144,276.42857142857144,246.07142857142858
116,0.02416263956007325,220,30.83258611979874,14,0,0.0,4.850246769565336,4.0501850286628684,0.6271457239242724,215.92857142857144,353.2142857142857,180.42857142857144
151,0.03314012096774199,442,30.773707895348693,13,0,0.0,5.60367513389495,3.1013294436362457,0.5,211.69230769230768,329.8461538461538,416.2307692307692
147,0.030355731225296445,184,30.67475869330552,13,0,0.0,5.567697165044512,2.392167080620131,0.5865384615384616,201.53846153846155,363.1538461538462,396.46153846153845
034,0.020825721592985014,818,30.541702411722017,17,0,0.0,3.227666388256701,1.2666407108025,0.7733118458810876,312.6470588235294,339.6470588235294,324.29411764705884
046,0.028377942599161488,91,30.49593246957521,16,0,0.0,3.6328199108941077,1.8102927770345942,0.6376635501704965,194.625,201.625,364.75
087,0.04262052959172902,736,30.34467590645261,13,0,0.0,5.448516898625122,3.201304083140696,0.5649038461538461,345.46153846153845,276.38461538461536,588.4615384615385
151,0.03314012096774199,789,30.082524632492785,15,0,0.0,4.022036836731267,2.456827504673943,0.5213541666666667,318.4666666666667,358.8,373.4
151,0.03314012096774199,1023,29.971473706225993,12,0,0.0,6.2381196952985825,3.8667651085414847,0.5,380.5833333333333,315.41666666666663,348.0
087,0.04262052959172902,650,29.87904407396851,15,0,0.0,3.967810110107346,1.6531648812757573,0.65,330.8666666666667,312.26666666666665,581.1333333333333
125,0.023978545511910365,14,29.846834544763293,14,0,0.0,4.54506904256365,2.9859850757173487,0.5200892857142857,149.92857142857144,248.07142857142856,371.2142857142857
081,0.03050397877984079,429,29.7209553825937,12,0,0.0,6.134272144820316,3.5503737737632197,0.5,377.0833333333333,324.08333333333337,339.66666666666663
087,0.04262052959172902,520,29.471238800423766,14,0,0.0,4.431397532814302,3.137785808290444,0.6808035714285714,311.0,325.1428571428571,616.0714285714286
151,0.03314012096774199,448,29.41980860795478,13,0,0.0,5.121450523838405,2.6818588126127243,0.5246394230769231,211.84615384615384,321.7692307692308,436.61538461538464
087,0.04262052959172902,267,29.297670632417038,13,0,0.0,5.0790148194413725,4.541832885634021,0.5432692307692307,185.0,351.53846153846155,432.6923076923077
087,0.04262052959172902,164,29.232712000333198,13,0,0.0,5.056517460913755,2.7224587223589607,0.5,168.15384615384616,366.0769230769231,349.46153846153845
147,0.030355731225296445,189,29.22672515609727,14,0,0.0,4.358170731377802,1.9623627835099249,0.5200892857142857,202.85714285714286,259.64285714285717,444.5
116,0.02416263956007325,109,29.165898229146975,14,0,0.0,4.340049079147748,2.734065217869388,0.5895647321428571,187.28571428571428,261.5,397.85714285714283
125,0.023978545511910365,135,29.087972901554203,12,0,0.0,5.875765052232997,3.646947522524227,0.5,192.0,198.25,276.8333333333333
125,0.023978545511910365,362,29.040910833428217,14,0,0.0,4.302931132832288,2.718298843475751,0.7515215271413206,311.2857142857143,301.57142857142856,544.3571428571429
125,0.023978545511910365,266,28.923185046715172,12,0,0.0,5.809379397545335,4.030004341928848,0.640625,217.16666666666669,338.66666666666663,399.33333333333337
152,0.02541054451166813,27,28.36512064873512,13,0,0.0,4.760828813120115,2.5216432990791358,0.5739182692307693,162.84615384615384,308.7692307692308,249.3846153846154
087,0.04262052959172902,27,28.318051293625885,12,0,0.0,5.568833535197409,2.9289361518221506,0.5,130.5,318.66666666666663,369.41666666666663
125,0.023978545511910365,457,28.22060706333721,13,0,0.0,4.712441793037148,4.259749521574765,0.5,349.3076923076923,354.7692307692308,361.46153846153845
147,0.030355731225296445,462,28.155651328776138,15,0,0.0,3.523292007767171,2.1088018774624837,0.6972534253318993,338.2,337.93333333333334,535.2
151,0.03314012096774199,912,27.488479786698328,13,0,0.0,4.471103674459896,2.3558114896224605,0.5739182692307693,341.61538461538464,310.0769230769231,461.7692307692308
151,0.03314012096774199,974,27.330309167605783,12,0,0.0,5.187123605534143,3.122595297646145,0.5,363.4166666666667,245.91666666666669,469.6666666666667
087,0.04262052959172902,664,27.27066851115438,15,0,0.0,3.305286049090076,1.3861737782374162,0.65,332.8,316.8666666666667,606.0666666666666
081,0.03050397877984079,382,27.218488943284235,12,0,0.0,5.144764863581153,2.485438561515565,0.546875,351.25,218.5,490.5
126,0.022104466313398907,39,27.197358957234556,13,0,0.0,4.376901386086785,2.952100128361627,0.5,156.84615384615384,219.6153846153846,537.4615384615385
151,0.03314012096774199,65,26.989121686493142,12,0,0.0,5.058421454224544,2.480445140086916,0.5,155.58333333333334,342.41666666666663,372.41666666666663
151,0.03314012096774199,950,26.947268540372217,13,0,0.0,4.296776815307303,2.0870976036404416,0.5492788461538461,356.9230769230769,255.6153846153846,504.9230769230769
126,0.022104466313398907,345,26.869381973655642,12,0,0.0,5.013636719765353,1.6083793123807815,0.5266927083333334,194.66666666666669,241.25,453.66666666666663
087,0.04262052959172902,50,26.494100955612247,13,0,0.0,4.153475653527656,2.797377075032922,0.5865384615384616,139.6153846153846,292.8461538461538,528.0769230769231
087,0.04262052959172902,824,26.46675876358949,12,0,0.0,4.864509162847507,4.390357151586413,0.5,367.0833333333333,230.75,391.25
125,0.023978545511910365,37,26.348210493900762,13,0,0.0,4.10785914929528,2.524008880889371,0.5432692307692307,161.15384615384616,325.38461538461536,468.38461538461536
046,0.028377942599161488,9,26.244077258544408,12,0,0.0,4.782997160780886,3.4318156402648725,0.5,168.16666666666666,183.66666666666666,332.1666666666667
087,0.04262052959172902,209,26.039640224784556,12,0,0.0,4.708769882195958,2.643979832972679,0.5703125,174.5,331.33333333333337,561.75
126,0.022104466313398907,47,26.019110690218163,12,0,0.0,4.7013480632626745,2.84212644137416,0.5,157.41666666666666,328.75,315.75
151,0.03314012096774199,739,25.814535349182357,15,0,0.0,2.9617343790852684,1.287712158193165,0.628125,312.4666666666667,255.53333333333333,501.53333333333336
081,0.03050397877984079,390,25.73221810547026,12,0,0.0,4.598243393246469,2.7072717369122774,0.5590667816648741,359.75,298.66666666666663,506.4166666666667
151,0.03314012096774199,888,25.70915220656724,12,0,0.0,4.590003522086396,2.8214458902798887,0.6067708333333334,335.25,226.0,406.33333333333337
046,0.028377942599161488,590,25.686701120017627,13,0,0.0,3.9041811504681347,1.7558195114227861,0.5985576923076923,348.2307692307692,239.15384615384616,408.53846153846155
116,0.02416263956007325,550,25.586986124238912,16,0,0.0,2.5573978864140416,1.3553739380201244,0.6833204465549766,380.0,291.9375,209.4375
151,0.03314012096774199,832,25.575480513469703,12,0,0.0,4.542397246492142,2.893849981672461,0.5533854166666666,324.16666666666663,276.0833333333333,286.5
147,0.030355731225296445,519,25.503897712984415,13,0,0.0,3.848809458901608,2.3665005812613593,0.5874117507659214,367.53846153846155,303.8461538461538,412.0769230769231
151,0.03314012096774199,3,25.503392721130265,12,0,0.0,4.516826668668056,3.057309781100222,0.5266927083333334,121.91666666666667,276.0,306.33333333333337
081,0.03050397877984079,292,25.481722203341807,13,0,0.0,3.8421193280963477,2.677845150134526,0.5432692307692307,314.53846153846155,307.7692307692308,399.7692307692308
147,0.030355731225296445,488,25.26981080552998,14,0,0.0,3.2579762150371407,1.4971486804933483,0.5707179557127492,350.5,315.2142857142857,489.85714285714283
152,0.02541054451166813,791,25.217544733250868,12,0,0.0,4.416142794260477,3.4498892074232765,0.6067708333333334,343.58333333333337,310.5,430.75
087,0.04262052959172902,143,25.21492069499245,13,0,0.0,3.7620841754719447,2.2611994156641266,0.7163461538461539,164.53846153846155,266.0,321.1538461538462
147,0.030355731225296445,199,25.152984379458193,13,0,0.0,3.7436249893092763,2.4942652121022215,0.6955848276889983,202.9230769230769,351.0,487.53846153846155
125,0.023978545511910365,349,24.926063278800697,12,0,0.0,4.314643267908171,3.0934770556583775,0.5,305.5,362.08333333333337,367.66666666666663
152,0.02541054451166813,122,24.886484123404152,12,0,0.0,4.300952027947547,3.068230954873698,0.5533854166666666,184.16666666666666,363.33333333333337,170.5
152,0.02541054451166813,747,24.80992681870731,12,0,0.0,4.274531032983417,2.4076303232890295,0.5,329.33333333333337,376.58333333333337,328.83333333333337
081,0.03050397877984079,32,24.734843281286217,13,0,0.0,3.6201921428981656,1.3726688706895003,0.5865384615384616,151.6153846153846,266.1538461538462,484.6923076923077
034,0.020825721592985014,160,24.028296084615356,12,0,0.0,4.009437588402372,2.2026503988723407,0.5703125,179.75,263.5,297.3333333333333
081,0.03050397877984079,209,24.02049147611569,12,0,0.0,4.006833408014907,2.3660857898713297,0.546875,203.33333333333331,320.58333333333337,419.25
116,0.02416263956007325,428,23.61773425720081,14,0,0.0,2.8459049563456973,1.9009610190781197,0.6194196428571429,324.07142857142856,324.3571428571429,457.14285714285717
034,0.020825721592985014,898,23.476847474703483,13,0,0.0,3.261315783139002,1.7556283109435813,0.7616638180331718,325.46153846153845,353.7692307692308,544.1538461538462
116,0.02416263956007325,307,23.368806276710576,13,0,0.0,3.231367495848684,1.6460867436732318,0.7211824330746082,255.76923076923077,297.0,537.1538461538462
116,0.02416263956007325,387,23.327152818176277,13,0,0.0,3.2198583349263274,1.8027159869392944,0.705106711920762,315.46153846153845,344.46153846153845,224.3846153846154
126,0.022104466313398907,101,22.84539996021502,13,0,0.0,3.088238457646109,1.7894017995937659,0.6093554539510747,168.0,260.7692307692308,587.7692307692307
147,0.030355731225296445,6,22.80580096007022,12,0,0.0,3.611837204377359,2.257625960709876,0.640625,139.5,335.91666666666663,218.0
125,0.023978545511910365,198,22.526095239843297,12,0,0.0,3.523784491350631,1.5460468384422186,0.7109375,202.08333333333331,309.5833333333333,533.4166666666667
087,0.04262052959172902,767,22.111238987044057,12,0,0.0,3.3951867329317857,1.700976586991754,0.6171875,351.41666666666663,334.41666666666663,519.25
125,0.023978545511910365,4,21.969147593873227,12,0,0.0,3.3516905972318463,2.3875582531984554,0.59375,133.41666666666666,325.66666666666663,245.25
151,0.03314012096774199,49,21.50318169325452,13,0,0.0,2.73601670374625,1.5309880810187437,0.5985576923076923,152.3846153846154,223.53846153846155,305.61538461538464
034,0.020825721592985014,58,21.47726264954488,12,0,0.0,3.2032834091495523,2.242620568955111,0.7006378449946223,159.0,391.25,230.75
087,0.04262052959172902,101,21.327971016415603,12,0,0.0,3.158905192201834,1.6285313196589746,0.5703125,155.75,300.0,284.8333333333333
087,0.04262052959172902,885,21.282866147231942,12,0,0.0,3.145558273895774,2.254642735135025,0.5234375,381.0833333333333,286.5,350.58333333333337
087,0.04262052959172902,852,21.07450531757759,12,0,0.0,3.0842692665319866,1.576737871875278,0.6059417816648741,372.25,211.83333333333334,374.83333333333337
147,0.030355731225296445,525,21.026407055410374,12,0,0.0,3.070206900415355,1.7824592337685246,0.6171875,376.1666666666667,329.3333333333333,204.66666666666666
087,0.04262052959172902,42,20.735673548884932,12,0,0.0,2.985889982818933,1.870252899082889,0.546875,135.66666666666666,231.91666666666666,394.5
116,0.02416263956007325,366,20.322502660247633,14,0,0.0,2.10716384885598,1.4860439264659253,0.708984375,308.57142857142856,351.5,282.2857142857143
087,0.04262052959172902,878,18.34065923257526,12,0,0.0,2.3359707019822786,1.3964801687081692,0.5590667816648741,378.3333333333333,332.25,335.33333333333337
126,0.022104466313398907,894,18.13209503553073,12,0,0.0,2.28314493317721,1.1855380734479357,0.5767805668939953,315.66666666666663,235.25,640.75
